<?xml version="1.0" encoding="UTF-8"?>
<project-private xmlns="http://www.netbeans.org/ns/project-private/1">
    <editor-bookmarks xmlns="http://www.netbeans.org/ns/editor-bookmarks/2" lastBookmarkId="1">
        <file>
            <url>src/Pantallas/PanelClientes.java</url>
            <bookmark id="1">
                <name/>
                <line>402</line>
                <key/>
            </bookmark>
        </file>
    </editor-bookmarks>
    <open-files xmlns="http://www.netbeans.org/ns/projectui-open-files/2">
        <group>
            <file>file:/C:/Users/flaco/Documents/NetBeansProjects/Proyecto_Distribuidas_CP/src/Pantallas/PanelPromocion.java</file>
            <file>file:/C:/Users/flaco/Documents/NetBeansProjects/Proyecto_Distribuidas_CP/src/Pantallas/PanelLicores.java</file>
            <file>file:/C:/Users/flaco/Documents/NetBeansProjects/Proyecto_Distribuidas_CP/src/Conexion/Conexion_Matriz.java</file>
            <file>file:/C:/Users/flaco/Documents/NetBeansProjects/Proyecto_Distribuidas_CP/src/Pantallas/Logueo_Credenciales.java</file>
            <file>file:/C:/Users/flaco/Documents/NetBeansProjects/Proyecto_Distribuidas_CP/src/Validar/Validar.java</file>
            <file>file:/C:/Users/flaco/Documents/NetBeansProjects/Proyecto_Distribuidas_CP/src/Pantallas/PantallaPrincipalEmpleado.java</file>
            <file>file:/C:/Users/flaco/Documents/NetBeansProjects/Proyecto_Distribuidas_CP/src/Validar/Encriptar.java</file>
            <file>file:/C:/Users/flaco/Documents/NetBeansProjects/Proyecto_Distribuidas_CP/src/proyecto_distribuidas_cp/Proyecto_Distribuidas_CP.java</file>
            <file>file:/C:/Users/flaco/Documents/NetBeansProjects/Proyecto_Distribuidas_CP/src/Pantallas/PanelEmpleados.java</file>
            <file>file:/C:/Users/flaco/Documents/NetBeansProjects/Proyecto_Distribuidas_CP/src/Pantallas/PanelClientes.java</file>
            <file>file:/C:/Users/flaco/Documents/NetBeansProjects/Proyecto_Distribuidas_CP/src/Pantallas/PantallaPrincipalLogueo.java</file>
            <file>file:/C:/Users/flaco/Documents/NetBeansProjects/Proyecto_Distribuidas_CP/src/Pantallas/PanelPromotores.java</file>
            <file>file:/C:/Users/flaco/Documents/NetBeansProjects/Proyecto_Distribuidas_CP/src/Pantallas/PanelReservaAdmin.java</file>
            <file>file:/C:/Users/flaco/Documents/NetBeansProjects/Proyecto_Distribuidas_CP/src/Conexion/Procedimientos.java</file>
            <file>file:/C:/Users/flaco/Documents/NetBeansProjects/Proyecto_Distribuidas_CP/src/Pantallas/PantallaPrincipalAdministrador.java</file>
            <file>file:/C:/Users/flaco/Documents/NetBeansProjects/Proyecto_Distribuidas_CP/src/Paneles/CambiaPanel.java</file>
            <file>file:/C:/Users/flaco/Documents/NetBeansProjects/Proyecto_Distribuidas_CP/src/Pantallas/PanelReservaEmp.java</file>
        </group>
    </open-files>
</project-private>
